NUM,MOV,SCENESTART,SCENEEND,SCENELENGTH,NEWMOVName
001,,00:00:00,00:00:00,00:00,-CUT-1
002,,00:00:00,00:00:00,00:00,-CUT-2
003,,00:00:00,00:00:00,00:00,-CUT-3
004,,00:00:00,00:00:00,00:00,-CUT-4
005,,00:00:00,00:00:00,00:00,-CUT-5
006,,00:00:00,00:00:00,00:00,-CUT-6
007,,00:00:00,00:00:00,00:00,-CUT-7
008,,00:00:00,00:00:00,00:00,-CUT-8
009,,00:00:00,00:00:00,00:00,-CUT-9
010,,00:00:00,00:00:00,00:00,-CUT-10
011,,00:00:00,00:00:00,00:00,-CUT-11
012,,00:00:00,00:00:00,00:00,-CUT-12
013,,00:00:00,00:00:00,00:00,-CUT-13
014,,00:00:00,00:00:00,00:00,-CUT-14
015,,00:00:00,00:00:00,00:00,-CUT-15
016,,00:00:00,00:00:00,00:00,-CUT-16
017,,00:00:00,00:00:00,00:00,-CUT-17
018,,00:00:00,00:00:00,00:00,-CUT-18
019,,00:00:00,00:00:00,00:00,-CUT-19
020,,00:00:00,00:00:00,00:00,-CUT-20
021,,00:00:00,00:00:00,00:00,-CUT-21
022,,00:00:00,00:00:00,00:00,-CUT-22
023,,00:00:00,00:00:00,00:00,-CUT-23
024,,00:00:00,00:00:00,00:00,-CUT-24
025,,00:00:00,00:00:00,00:00,-CUT-25
026,,00:00:00,00:00:00,00:00,-CUT-26
027,,00:00:00,00:00:00,00:00,-CUT-27
028,,00:00:00,00:00:00,00:00,-CUT-28
029,,00:00:00,00:00:00,00:00,-CUT-29
030,,00:00:00,00:00:00,00:00,-CUT-30
031,,00:00:00,00:00:00,00:00,-CUT-31
032,,00:00:00,00:00:00,00:00,-CUT-32
033,,00:00:00,00:00:00,00:00,-CUT-33
034,,00:00:00,00:00:00,00:00,-CUT-34
035,,00:00:00,00:00:00,00:00,-CUT-35
036,,00:00:00,00:00:00,00:00,-CUT-36
037,,00:00:00,00:00:00,00:00,-CUT-37
038,,00:00:00,00:00:00,00:00,-CUT-38
039,,00:00:00,00:00:00,00:00,-CUT-39
040,,00:00:00,00:00:00,00:00,-CUT-40
041,,00:00:00,00:00:00,00:00,-CUT-41
042,,00:00:00,00:00:00,00:00,-CUT-42
043,,00:00:00,00:00:00,00:00,-CUT-43
044,,00:00:00,00:00:00,00:00,-CUT-44
045,,00:00:00,00:00:00,00:00,-CUT-45
046,,00:00:00,00:00:00,00:00,-CUT-46
047,,00:00:00,00:00:00,00:00,-CUT-47
048,,00:00:00,00:00:00,00:00,-CUT-48
049,,00:00:00,00:00:00,00:00,-CUT-49
050,,00:00:00,00:00:00,00:00,-CUT-50
051,,00:00:00,00:00:00,00:00,-CUT-51
052,,00:00:00,00:00:00,00:00,-CUT-52
053,,00:00:00,00:00:00,00:00,-CUT-53
054,,00:00:00,00:00:00,00:00,-CUT-54
055,,00:00:00,00:00:00,00:00,-CUT-55
056,,00:00:00,00:00:00,00:00,-CUT-56
057,,00:00:00,00:00:00,00:00,-CUT-57
058,,00:00:00,00:00:00,00:00,-CUT-58
059,,00:00:00,00:00:00,00:00,-CUT-59
060,,00:00:00,00:00:00,00:00,-CUT-60
061,,00:00:00,00:00:00,00:00,-CUT-61
062,,00:00:00,00:00:00,00:00,-CUT-62
063,,00:00:00,00:00:00,00:00,-CUT-63
064,,00:00:00,00:00:00,00:00,-CUT-64
065,,00:00:00,00:00:00,00:00,-CUT-65
066,,00:00:00,00:00:00,00:00,-CUT-66
067,,00:00:00,00:00:00,00:00,-CUT-67
068,,00:00:00,00:00:00,00:00,-CUT-68
069,,00:00:00,00:00:00,00:00,-CUT-69
070,,00:00:00,00:00:00,00:00,-CUT-70
071,,00:00:00,00:00:00,00:00,-CUT-71
072,,00:00:00,00:00:00,00:00,-CUT-72
073,,00:00:00,00:00:00,00:00,-CUT-73
074,,00:00:00,00:00:00,00:00,-CUT-74
075,,00:00:00,00:00:00,00:00,-CUT-75
076,,00:00:00,00:00:00,00:00,-CUT-76
077,,00:00:00,00:00:00,00:00,-CUT-77
078,,00:00:00,00:00:00,00:00,-CUT-78
079,,00:00:00,00:00:00,00:00,-CUT-79
080,,00:00:00,00:00:00,00:00,-CUT-80
081,,00:00:00,00:00:00,00:00,-CUT-81
082,,00:00:00,00:00:00,00:00,-CUT-82
083,,00:00:00,00:00:00,00:00,-CUT-83
084,,00:00:00,00:00:00,00:00,-CUT-84
085,,00:00:00,00:00:00,00:00,-CUT-85
086,,00:00:00,00:00:00,00:00,-CUT-86
087,,00:00:00,00:00:00,00:00,-CUT-87
088,,00:00:00,00:00:00,00:00,-CUT-88
089,,00:00:00,00:00:00,00:00,-CUT-89
090,,00:00:00,00:00:00,00:00,-CUT-90
091,,00:00:00,00:00:00,00:00,-CUT-91
092,,00:00:00,00:00:00,00:00,-CUT-92
093,,00:00:00,00:00:00,00:00,-CUT-93
094,,00:00:00,00:00:00,00:00,-CUT-94
095,,00:00:00,00:00:00,00:00,-CUT-95
096,,00:00:00,00:00:00,00:00,-CUT-96
097,,00:00:00,00:00:00,00:00,-CUT-97
098,,00:00:00,00:00:00,00:00,-CUT-98
099,,00:00:00,00:00:00,00:00,-CUT-99
100,,00:00:00,00:00:00,00:00,-CUT-100
101,,00:00:00,00:00:00,00:00,-CUT-101
102,,00:00:00,00:00:00,00:00,-CUT-102
103,,00:00:00,00:00:00,00:00,-CUT-103
104,,00:00:00,00:00:00,00:00,-CUT-104
105,,00:00:00,00:00:00,00:00,-CUT-105
106,,00:00:00,00:00:00,00:00,-CUT-106
107,,00:00:00,00:00:00,00:00,-CUT-107
108,,00:00:00,00:00:00,00:00,-CUT-108
109,,00:00:00,00:00:00,00:00,-CUT-109
110,,00:00:00,00:00:00,00:00,-CUT-110
111,,00:00:00,00:00:00,00:00,-CUT-111
112,,00:00:00,00:00:00,00:00,-CUT-112
113,,00:00:00,00:00:00,00:00,-CUT-113
114,,00:00:00,00:00:00,00:00,-CUT-114
115,,00:00:00,00:00:00,00:00,-CUT-115
116,,00:00:00,00:00:00,00:00,-CUT-116
117,,00:00:00,00:00:00,00:00,-CUT-117
118,,00:00:00,00:00:00,00:00,-CUT-118
119,,00:00:00,00:00:00,00:00,-CUT-119
120,,00:00:00,00:00:00,00:00,-CUT-120
121,,00:00:00,00:00:00,00:00,-CUT-121
122,,00:00:00,00:00:00,00:00,-CUT-122
123,,00:00:00,00:00:00,00:00,-CUT-123
124,,00:00:00,00:00:00,00:00,-CUT-124
125,,00:00:00,00:00:00,00:00,-CUT-125
126,,00:00:00,00:00:00,00:00,-CUT-126
127,,00:00:00,00:00:00,00:00,-CUT-127
128,,00:00:00,00:00:00,00:00,-CUT-128
129,,00:00:00,00:00:00,00:00,-CUT-129
130,,00:00:00,00:00:00,00:00,-CUT-130
131,,00:00:00,00:00:00,00:00,-CUT-131
132,,00:00:00,00:00:00,00:00,-CUT-132
133,,00:00:00,00:00:00,00:00,-CUT-133
134,,00:00:00,00:00:00,00:00,-CUT-134
135,,00:00:00,00:00:00,00:00,-CUT-135
136,,00:00:00,00:00:00,00:00,-CUT-136
137,,00:00:00,00:00:00,00:00,-CUT-137
138,,00:00:00,00:00:00,00:00,-CUT-138
139,,00:00:00,00:00:00,00:00,-CUT-139
140,,00:00:00,00:00:00,00:00,-CUT-140
141,,00:00:00,00:00:00,00:00,-CUT-141
142,,00:00:00,00:00:00,00:00,-CUT-142
143,,00:00:00,00:00:00,00:00,-CUT-143
144,,00:00:00,00:00:00,00:00,-CUT-144
145,,00:00:00,00:00:00,00:00,-CUT-145
146,,00:00:00,00:00:00,00:00,-CUT-146
147,,00:00:00,00:00:00,00:00,-CUT-147
148,,00:00:00,00:00:00,00:00,-CUT-148
149,,00:00:00,00:00:00,00:00,-CUT-149
150,,00:00:00,00:00:00,00:00,-CUT-150
151,,00:00:00,00:00:00,00:00,-CUT-151
152,,00:00:00,00:00:00,00:00,-CUT-152
153,,00:00:00,00:00:00,00:00,-CUT-153
154,,00:00:00,00:00:00,00:00,-CUT-154
155,,00:00:00,00:00:00,00:00,-CUT-155
156,,00:00:00,00:00:00,00:00,-CUT-156
157,,00:00:00,00:00:00,00:00,-CUT-157
158,,00:00:00,00:00:00,00:00,-CUT-158
159,,00:00:00,00:00:00,00:00,-CUT-159
160,,00:00:00,00:00:00,00:00,-CUT-160
161,,00:00:00,00:00:00,00:00,-CUT-161
162,,00:00:00,00:00:00,00:00,-CUT-162
163,,00:00:00,00:00:00,00:00,-CUT-163
164,,00:00:00,00:00:00,00:00,-CUT-164
165,,00:00:00,00:00:00,00:00,-CUT-165
166,,00:00:00,00:00:00,00:00,-CUT-166
167,,00:00:00,00:00:00,00:00,-CUT-167
168,,00:00:00,00:00:00,00:00,-CUT-168
169,,00:00:00,00:00:00,00:00,-CUT-169
170,,00:00:00,00:00:00,00:00,-CUT-170
171,,00:00:00,00:00:00,00:00,-CUT-171
172,,00:00:00,00:00:00,00:00,-CUT-172
173,,00:00:00,00:00:00,00:00,-CUT-173
174,,00:00:00,00:00:00,00:00,-CUT-174
175,,00:00:00,00:00:00,00:00,-CUT-175
